coordinate_count,chunks_per_source,source_count,window_chunks,data_phases,data_aggregate_invocations,data_plus_incremental_v2_negotiation_phases,data_plus_incremental_v2_negotiation_aggregate_invocations,phase_reduction_vs_scalar
1000000,123,2,1,492,738,494,742,0.0000000
1000000,123,3,1,738,1107,740,1112,0.0000000
1000000,123,5,1,1230,1845,1232,1852,0.0000000
1000000,123,2,2,248,372,250,376,0.4959350
1000000,123,3,2,372,558,374,563,0.4959350
1000000,123,5,2,620,930,622,937,0.4959350
1000000,123,2,8,64,96,66,100,0.8699187
1000000,123,3,8,96,144,98,149,0.8699187
1000000,123,5,8,160,240,162,247,0.8699187
