"peers","payload_mib_per_peer","unique_raw_mib","chunk_raw_kib","fanout_cycles","replay_cycles","reconnects","wall_seconds","throughput_unique_mib_s","raw_submitted_mib","base64_submitted_mib","expression_submitted_mib","base64_expansion","max_expression_kib","rss_start_mib","rss_peak_mib","rss_delta_mib","spool_peak_mib","source_disk_mib","integrity"
2,1,2,480,4,1,1,10.224,0.195618153364632,2.9375,3.91666793823242,3.91875267028809,1.33333376620678,640.26953125,140.546875,228.859375,88.3125,2,1,"sha256_identical"
4,1,4,480,4,1,1,14.812,0.270051309748852,5.875,7.83333587646484,7.83750534057617,1.33333376620678,640.26953125,231.734375,261.296875,29.5625,4,1,"sha256_identical"
8,1,8,480,4,1,1,32.264,0.247954376394743,11.75,15.6666717529297,15.6750106811523,1.33333376620678,640.26953125,258.15625,276.40625,18.25,8,1,"sha256_identical"
2,16,32,480,36,1,1,80.751,0.396279922230065,32.9375,43.9166679382324,43.9358234405518,1.33333337193875,640.2734375,298.359375,298.359375,0,32,16,"sha256_identical"
4,16,64,480,36,1,1,243.485,0.262849867548309,65.875,87.8333358764648,87.8716468811035,1.33333337193875,640.2734375,317.375,330.9375,13.5625,64,16,"sha256_identical"
8,16,128,480,36,1,1,837.44,0.15284677111196,131.75,175.66667175293,175.743293762207,1.33333337193875,640.2734375,341.390625,341.390625,0,128,16,"sha256_identical"
2,64,128,480,138,1,1,1218.312,0.105063399194952,128.9375,171.916667938232,171.990297317505,1.33333334319521,640.2734375,333.234375,347.53125,14.296875,128,64,"sha256_identical"
4,64,256,480,138,1,1,1060.728,0.241343680943654,257.875,343.833335876465,343.98059463501,1.33333334319521,640.2734375,335.1875,375.4375,40.25,256,64,"sha256_identical"
8,64,512,480,138,1,1,1148.725,0.445711549761693,515.75,687.66667175293,687.96118927002,1.33333334319521,640.2734375,359.328125,375.5625,16.234375,512,64,"sha256_identical"
